Latitude,Longitude
28.5864486492271,77.2917308684354
28.6246109200817,77.3306203703475
28.6847223409537,77.1912696025421
28.5380493389532,77.068925505194
28.532275605677,77.170345159986
28.5355929565822,77.2325575231944
28.5156579925459,77.075700161753
28.6591829321943,77.1295948790755
28.6774908799827,77.2416174933555
28.6985033893937,77.1105260716886
28.7224649137692,77.2105846888192
28.7461239468958,77.1381365587689
28.5589851576654,77.0452122585288
28.5671898719571,77.170791556441
28.5828494239492,77.3671283749469
28.7423937686987,77.0954465081318
28.6922895171225,77.310084652985
28.6943340638735,77.2844127739979
28.6674814261421,77.1921096042626
28.5776731261916,77.1690632458027
28.5684062358373,77.4021611142419
28.535184566843,77.1320856120263
28.5552504462048,77.083677812897
28.6114475343019,77.0724881399373
28.5954831207116,77.3927975267932
28.681067720481,77.0480922032329
28.6213022779317,77.2702130413212
28.5406284720286,77.2231804868009
28.6761507415714,77.1564826922911
28.5997965165822,77.3751253580958
28.5190404777334,77.3195023843288
28.7208576319048,77.0255004007863
28.7120538948805,77.2948746582151
28.6479546455486,77.2764148688326
28.6868362428795,77.3705693784016
28.6622265838292,77.0788915258564
28.6378630429751,77.147269770714
28.7095988624561,77.0692545746978
28.5387935998294,77.1538702829903
28.5190030522189,77.2610413753255
28.5238941783889,77.3278650709901
28.6723037611315,77.1053515598725
28.6626922844098,77.2084224121752
28.7267382743765,77.0852341454186
28.5603506921766,77.0433460124655
28.6913776772029,77.3753373782948
28.519080368585,77.0884844777693
28.5554822335956,77.0650664152957
28.6034398712996,77.1815301708916
28.6308761827852,77.3488935870977
28.5401901803432,77.0213092562059
28.684525948985,77.0420517388072
28.5441166479696,77.327030429374
28.7343963372648,77.2899862552165
28.7312163326011,77.141994736048
28.5243404852757,77.1907559134798
28.7042850691732,77.1869429024139
28.6360668480086,77.0953329185487
28.620851495824,77.031365713545
28.6116352467401,77.2897317227151
28.5513923575747,77.286409814226
28.6648287598237,77.2784471699588
28.636709551576,77.296794926063
28.5306751602105,77.1883772538671
28.7069583792681,77.3155262803161
28.5905467994277,77.2705179137139
28.5208441786746,77.024719255374
28.6611537462388,77.3282424570466
28.5599002870888,77.1577624981608
28.68698629022,77.0914721338669
28.6914131092137,77.2566995997693
28.558462278931,77.3816975565087
28.5585119618489,77.38404163132
28.6266389966459,77.2229923802749
28.5151418907052,77.106756034983
28.697544353225,77.1020266195777
28.74132286035,77.2934213371817
28.5637094953633,77.4026097625504
28.5566756443955,77.3764177716791
28.5881147789091,77.149383193191
28.7355895297564,77.1571813359326
28.6273071831879,77.0485131484181
28.6579438892957,77.0393692296027
28.7030756731235,77.3290583537655
28.5099083002652,77.0315676765778
28.7409404068941,77.1467052568837
28.5392201689647,77.3006165620125
28.6229384088303,77.2981441034254
28.5701633749081,77.2035303922696
28.5137262495363,77.3280186706791
28.5132231043487,77.2881411694984
28.5298572075791,77.0803711543724
28.5527806420327,77.2789254544121
28.6940785005231,77.1053553460511
28.6126179284982,77.1441806702225
28.6323185894139,77.0609538449147
28.615985227713,77.3458693470989
28.6561250543568,77.0774407256613
28.571311780358,77.1594541628742
28.5799079484705,77.1321344922587
28.6304849879843,77.0433279172084
28.553694532912,77.396981668225
28.5389110503759,77.2241965669804
28.7037245402827,77.0310160527789
28.7278285784458,77.1820743342614
28.5353825438874,77.2128990554625
28.6756697991835,77.035385147906
28.5664471668754,77.2111251690166
28.5884141000387,77.1278597190508
28.6343750964575,77.1618900645625
28.6260678783913,77.250550108637
28.5409311436838,77.382337490465
28.6023312620017,77.08427822515
28.5327279522917,77.0986129136296
28.5578767696368,77.2710745124108
28.5734816551413,77.1290983773664
28.7073547079103,77.2771653741472
28.7131474230637,77.0897829794918
28.7193085672263,77.371011558317
28.6156051823918,77.1846064626157
28.7131810854985,77.1255441498623
28.5692558425102,77.0798616700298
28.6304351558894,77.2680766267534
28.6111311251847,77.0152398464276
28.7430645088376,77.2617565353672
28.5257280573707,77.1419528218368
28.5482073894773,77.3523268686748
28.6608734420721,77.254385353062
28.5343335670747,77.3972790850524
28.5562280323884,77.3777868412801
28.6260829391781,77.1359607408789
28.7424417868182,77.3854757951624
28.7184706527787,77.2369164114024
28.6252355241966,77.1391658730826
28.5789334421931,77.1673256512482
28.644052151948,77.0418048402963
28.589518279827,77.0705712376101
28.5116010484085,77.1154734164958
28.5857185010621,77.0218228668795
28.6368057124806,77.3125525590789
28.7284599470185,77.2427555351049
28.6443551613712,77.3709910592345
28.5304614410528,77.2183171301136
28.5541774205797,77.211255519534
28.6094508810585,77.1058162527354
28.660535900784,77.3891727632342
28.673619695204,77.1231897752333
28.5862755668333,77.2265490429575
28.7281212187801,77.0706543079937
28.708865453004,77.1895862084377
28.6870419514606,77.3604088430457
28.6576422514024,77.1092407677106
28.7136397416886,77.3581727342058
28.6171211675949,77.0440373476563
28.7205092993963,77.2724549764899
28.7240773075055,77.3407779171811
28.5613909190233,77.0800678879026
28.6873148971826,77.2029591514584
28.5248099354034,77.095466146934
28.6987600632687,77.1414745443634
28.6635860487574,77.1889694190783
28.5766230409307,77.4028677557651
28.595942208335,77.2378775717757
28.5695454609557,77.0517347351592
28.7054130592199,77.2616500996678
28.6389926567354,77.3229051234672
28.5433101803916,77.3002756506669
28.6243706831701,77.222612358647
28.7041340150567,77.0294132479372
28.6845005366424,77.3317432695293
28.638746744003,77.0833718590184
28.6621253764404,77.2046960219101
28.6728258246613,77.0307191477983
28.7306437856041,77.3351864970357
28.5969327391299,77.0310872469411
28.5295380128443,77.1696645277527
28.5493861676927,77.266538086019
28.5139759615265,77.279361651497
28.7231643113131,77.0889060399495
28.5350348371569,77.2580374095097
28.6397732514622,77.1996343417658
28.5195103038439,77.1057759096473
28.6819812580107,77.2260494055337
28.6632706051903,77.2371666878868
28.6552073625156,77.3973941304432
28.5372289024126,77.3247972566018
28.6350892215896,77.2461260472395
28.5955229003259,77.3405258071238
28.7415710233906,77.1248931709784
28.6962513735735,77.2235847067685
28.6153632587132,77.1434449170537
28.6413692457645,77.0766699605376
28.6571002821224,77.0709109540561
28.6880169759487,77.0600500469985
28.5515643483806,77.2393831332489
28.5218587470534,77.1055749594852
28.5319324185451,77.0393477320258
28.5182667559899,77.2769612020346
28.5735531003524,77.2529164299136
28.6483205173649,77.1420054170549
28.6610551281559,77.2784589499211
28.5450762825609,77.2310583960184
28.6624609149163,77.1430304517925
28.7025710234588,77.1309177035273
28.7166525436954,77.2795564580207
28.718706621382,77.1164159782685
28.5381494918559,77.2080180650569
28.5482880188348,77.1659854594014
28.6456771517507,77.3604570092005
28.6404609278806,77.153519817614
28.5100492894124,77.1968634896316
28.5661334508941,77.3039305877014
28.621089778576,77.249394615896
28.6330518664746,77.0432945149145
28.6314526242879,77.2218495175449
28.6473440031084,77.2232333982118
28.5805126534586,77.213867352914
28.7175242043298,77.3296014463199
28.5344986863746,77.3778628936005
28.6338345410357,77.2371542093272
28.5315975783743,77.0983967447773
28.5664621571565,77.3035709954142
28.5113121225605,77.1748347314077
28.6654379860597,77.0379321895998
28.5110864963283,77.1589905847671
28.7033155428547,77.0408032872383
28.7274082609485,77.2735737180968
28.6164858463249,77.3080048619049
28.5476095295178,77.3176504083828
28.5719197177478,77.3827179975361
28.5201512362886,77.0369285338236
28.5963258132739,77.3613662084596
28.6955733133289,77.2912744546204
28.6201077824843,77.0951497834069
28.6079204827683,77.241194497897
28.6631340223696,77.0503241094922
28.5787993136002,77.0535252386026
28.5911479830914,77.0265126220701
28.7436510067788,77.2998329012328
28.6493039121391,77.3258354794815
28.7152139526652,77.0540445340161
28.666542217401,77.3826539661897
28.6360115093657,77.0766159105257
28.5418546865932,77.3076225210235
28.7183309543756,77.148041821799
28.7324186338621,77.2479385589501
28.6486827254865,77.0899869201391
28.713866951329,77.0929052772863
28.5950824899543,77.1331822228972
28.67626691462,77.3512270950232
28.5455682939137,77.0362233979156
28.6504215993427,77.2203555334888
28.5452505216471,77.084604505332
28.5783808591089,77.2625782495101
28.5994477054505,77.396164806028
28.6539742269633,77.1750127671717
28.5648386727674,77.0261618308105
28.5712917414459,77.3389492516857
28.7402926686989,77.0855095995683
28.7206009491767,77.0652623389458
28.5334517070489,77.3395288540765
28.6399644009316,77.0127122843938
28.6327412104438,77.1518664727684
28.694421818202,77.3977337451983
28.5263106575835,77.1946367408993
28.6263040416815,77.288825811681
28.5589279388379,77.0804690946653
28.564106980247,77.1834866854884
28.5555900864507,77.1599085116771
28.6051863651698,77.212189410808
28.5313044833376,77.3603858149949
28.5212132457274,77.1604087749886
28.5799294724953,77.2320334785094
28.7097956912278,77.0841328428991
28.5634824790574,77.3324449763288
28.5522084446272,77.1773858052
28.7111091313142,77.3775200493587
28.7238140365685,77.1073291751098
28.5919032927348,77.1053228564823
28.5875121815441,77.0962953629457
28.6195459253069,77.1011199134234
28.6321515001547,77.3842331373107
28.5509938829577,77.0544066207522
28.5251300589085,77.2704032204248
28.7083795648836,77.2859669254489
28.5729098822067,77.0928325399944
28.5215053135548,77.1551919079237
28.5389998621867,77.1347275100334
28.626900240779,77.0438065783478
28.5230630520301,77.3029771308229
28.6102633629183,77.1879721694885
28.5313868085824,77.0419236210861
28.5772500770365,77.2073181214093
28.7328676209257,77.3823578413746
28.7248776971558,77.2347435087914
28.6753201323805,77.3215605861576
28.6163896199911,77.2161730020471
28.6418085420629,77.1569067194311
28.7316028088782,77.3250961473394
28.5811051911575,77.0323579025088
28.6473016275825,77.3794452000972
28.6766227592789,77.1365540638373
28.7115035543555,77.0795277624843
28.6315894831276,77.1875154565382
28.6368076873315,77.3202117441623
28.686593250487,77.3777698752052
28.5247242277049,77.0130231505201
28.61520575614,77.2626488052376
28.5912736477378,77.3817170867862
28.7180200936961,77.1004056873035
28.7149644854135,77.1524985669177
28.7041233459595,77.0334018148804
28.5557713267815,77.3722074857516
28.5259071584046,77.0847501341563
28.5610154460816,77.3254492291069
28.6446007568447,77.3587435522635
28.6147163101457,77.0725579747543
28.511449773778,77.2141530595331
28.5558965513853,77.2976723500205
28.6752370932783,77.231831447596
28.7430534979416,77.2646533866899
28.6067512044695,77.0175588870252
28.5188062662338,77.3657254436556
28.612517542607,77.200363829674
28.5781742984987,77.2960368195625
28.5235980648165,77.2661527224846
28.5329363761149,77.1472602900765
28.5587012917801,77.3886212454573
28.5544502614565,77.2926793864268
28.705941280712,77.2417677413912
28.6686602284797,77.2620802123925
28.6661413422423,77.1083041453228
28.5467000552762,77.0865480522058
28.5334886071722,77.291524086245
28.5485981215281,77.3833355632433
28.7054098544751,77.1617528800392
28.6132846528255,77.0696650136502
28.740517647691,77.2878349336243
28.7079326709485,77.3906547624055
28.5168020433458,77.0901554690756
28.6700034464536,77.3142567671867
28.7400407960836,77.2531814756181
28.6900823536536,77.1242233007362
28.6903953148769,77.0743449736599
28.7369829117337,77.1589168355123
28.7203502186243,77.1333368519584
28.6598762905217,77.2459075508799
28.527666926327,77.2548365561777
28.7283412038548,77.0693840084908
28.6425330966783,77.1747244692163
28.6283958193375,77.2745142902695
28.5745761730297,77.2377700324537
28.635339113592,77.1765065098035
28.5673503219857,77.3175633364978
28.7356998857808,77.2756509749569
28.6954624196924,77.3348248996238
28.6450240433603,77.3731730570141
28.7260067169458,77.229553748602
28.5454907524874,77.0678554750704
28.5663842939347,77.3475819305282
28.6846937445005,77.2083161879659
28.5273961568773,77.0500450341198
28.7422166664729,77.2984232460257
28.6302733365688,77.0188113861561
28.6766687312777,77.3799689506226
28.5405699762486,77.2315253544761
28.6770363956195,77.2869647438582
28.7345091013437,77.2707968251661
28.7033318814398,77.1480153131893
28.6931438919493,77.0295184738186
28.7385709016612,77.3969401285938
28.6617101266238,77.0226503962843
28.5841774906479,77.2475719895954
28.7269037381785,77.014060476281
28.6630135979763,77.1856820265579
28.6995461297153,77.2194853823591
28.7334206862699,77.1998382148186
28.5277824332315,77.1319406572676
28.6842088005868,77.0669033065689
28.7016194245921,77.2093556801559
28.715999717845,77.3225585892496
28.7355994237096,77.2895804795258
28.7079706081564,77.2881355307268
28.6028776141938,77.1029529252871
28.5796627982515,77.0950019955405
28.6616463793653,77.3880405476951
28.6722242528786,77.3175498074735
28.7093642234226,77.1118306516843
28.6559836364568,77.1270752889091
28.6230785775625,77.0174254463724
28.5235531779771,77.2789075267422
28.5801491499667,77.3097761753363
28.7267011548539,77.0682835474887
28.6305987880461,77.347772921383
28.6655803135591,77.1560438289733
28.7050321690504,77.3914356879405
28.5645052156981,77.384437658559
28.6060216364924,77.0741482834059
28.7217980029588,77.1819855172728
28.6211409841286,77.3035294209695
28.5260662113996,77.1580719392015
28.708675585649,77.2340398538015
28.5443046963546,77.2983807555097
28.5949796901908,77.3834228094267
28.6110304040234,77.3853584870991
28.5445324691425,77.0319007478991
28.7343077887178,77.1803052500574
28.6091792552243,77.1178901573701
28.6654145493706,77.1219299532063
28.6277527321499,77.1963311161387
28.623065408252,77.0869080085465
28.6161092958319,77.2488048372176
28.6162232920043,77.1803708285763
28.6376024544063,77.3134875040964
28.5165847434643,77.2411532295478
28.5162002629977,77.2510198187244
28.5493394951147,77.1811400263623
28.7139801548043,77.1294816992396
28.7112044620515,77.3471623545846
28.7326018705156,77.1793295924446
28.621549034702,77.3278659838356
28.6971113015018,77.0683427126583
28.7180740762685,77.184160605118
28.7099370310482,77.2693995205835
28.606011666727,77.0925436126664
28.5530512860514,77.340617197137
28.5561087214728,77.3180315652358
28.6178301598455,77.0441495352443
28.707105202412,77.1720705126974
28.6600702049215,77.1177182108382
28.5559376439759,77.3208236632914
28.515318532437,77.2310499895188
28.5232970411079,77.3747671543051
28.5267547505979,77.1569060089567
28.739430531278,77.1721841350434
28.705896650515,77.3007143304116
28.6916927397207,77.2527543552568
28.5868221360539,77.2204005728048
28.6918881328351,77.0776366581548
28.7416174611618,77.1674242052956
28.5945835234578,77.2198736255885
28.599761086067,77.2371256227329
28.7111332147848,77.3613498494287
28.651242718313,77.0452124622781
28.6362112459806,77.1186780918953
28.541107724565,77.1389014896165
28.6752940357339,77.1497618233245
28.6301037123299,77.21821663967
28.6378619197284,77.2422551667418
28.5449197743549,77.1071866969822
28.5179393364234,77.2591537848765
28.5673987724686,77.1832817778468
28.509351839158,77.0251472820196
28.7294644493313,77.2294883654397
28.517123176757,77.3708484322898
28.55596868463,77.1438611436473
28.6976188675971,77.0582592042253
28.5514243587452,77.2641943809346
28.6029349021257,77.242593081058
28.5108809350109,77.1501050030604
28.7061695517863,77.0676033530606
28.5961349894478,77.0734241896264
28.6843697731144,77.0293863344454
28.6302841243597,77.1637367817496
28.650608328838,77.371260158613
28.5171939004477,77.3261454054482
28.6629342180491,77.2062749911838
28.6011627558408,77.1357862129939
28.5698923407631,77.1353345990975
28.6189015578831,77.2691162230387
28.6498188092535,77.1383973423932
28.5530915107357,77.1780440744626
28.6786506868323,77.0832249698235
28.7124297406156,77.014800066788
28.5613812751953,77.2248586014796
28.6754292876929,77.0130743884848
28.6527168275862,77.3015054816425
28.6393779215008,77.2642542298777
28.5434296973337,77.2139852608914
28.6642277528524,77.0371586198364
28.6624598255866,77.1645625316072
28.7134624117207,77.3915116615572
28.6360427121489,77.198572584928
28.5217201515902,77.3872649182169
28.5977509923565,77.0852129199031
28.7009782479115,77.0692056211381
28.7126290220246,77.1513097549947
28.701128030033,77.0956603319526
28.7369526993339,77.2255450072059
28.6802146188032,77.0111009094543
28.5970906716723,77.1936761560719
28.5973521779347,77.1040495952999
28.5900313125992,77.3811597727355
28.6137763117099,77.268004335045
28.5546866543229,77.0231613648682
28.6915978917238,77.0959074213291
28.5765940526679,77.047630023616
28.5206163787938,77.0935867159424
28.5325359578602,77.3379713804751
28.7054983561141,77.1597037202737
28.6142145591749,77.1906724306113
28.7205250157153,77.3146642118355
28.7288767621221,77.1831345678193
28.7430713056706,77.1310133223158
28.6244418815392,77.1887712639747
28.6976896746176,77.3935543957028
28.5538348314424,77.3703973780322
28.5088741662721,77.1110361332025
28.7179332727461,77.0220355368691
28.7341485491746,77.1139277757767
28.6530936403397,77.2601764886138
28.7104474297654,77.0453161382411
28.686373105478,77.1924142075332
28.5330401504555,77.2896269170911
28.6725495634946,77.3604533464948
28.6037929595407,77.1040749712958
28.5257630902054,77.1934608466473
28.6728706795076,77.045776638713
28.5100375346134,77.1446984331366
28.5355131179966,77.3255930105444
28.5618733172841,77.1586117527163
28.6428381702775,77.082346784652
28.6793714164004,77.268549537802
28.6586151912999,77.0302372569575
28.5902751350107,77.0386834201618
28.5790552292166,77.1978937268445
28.5788913762284,77.0132344503052
28.6236185894576,77.2680359795776
28.6944425925137,77.2410063664562
28.6802523515061,77.3280582830032
28.6937493093489,77.3111547339113
28.7401340730178,77.2422039263649
28.5327508278604,77.3992119776811
28.7277433708835,77.0946408836646
28.5494047650177,77.0593235979924
28.5562025855631,77.2209264848627
28.5635025969858,77.2842579453621
28.7349595770376,77.3495232816892
28.5675436837095,77.2379570620369
28.558289523921,77.1514698331253
28.5321949385126,77.2536518861075
28.6463446692871,77.3486369566061
28.5560237835005,77.1319409034989
28.681170838758,77.3149348064318
28.6186232730735,77.0432321119438
28.61846887153,77.3538563606923
28.6119367254036,77.3375752932051
28.5522035971113,77.2364764728421
28.7254002493496,77.1245941630959
28.5844818751528,77.3564578866493
28.7316571504935,77.1504457755726
28.7345849478276,77.3273521782992
28.6406556237009,77.0521223155936
28.7255369337144,77.0323681436257
28.57178631505,77.3324293917632
28.5571619367909,77.31638665764
28.6454705309502,77.3693076017225
28.6466494584629,77.1888821170758
28.6800812666556,77.089097728975
28.6585172350676,77.2942512752305
28.6787814004425,77.3258933686036
28.6440160799682,77.1971193389882
28.6884112649473,77.192123805525
28.7379348295393,77.1323275351686
28.6841098800942,77.0605616974668
28.7242292621803,77.1274286767943
28.5559233561716,77.0189456699536
28.592998603863,77.0556260293885
28.6107743891651,77.1330438436031
28.6274041733353,77.2421761115464
28.6809029891146,77.1612749846445
28.5906238762507,77.2826812813113
28.5088769218655,77.0897469622395
28.5714102265571,77.4007408252778
28.7053395531762,77.0891207058531
28.551849722836,77.1929805376736
28.7295891484147,77.24029113101
28.6754176249146,77.1804047112249
28.6720417139005,77.3868098647152
28.5749931479287,77.0992186173608
28.597505773127,77.3106944057739
28.635402408213,77.1886860833751
28.6377759352358,77.3201728439235
28.5714102916498,77.2042214181372
28.6305311470609,77.2888981953983
28.7184599081207,77.3995960158374
28.647527868679,77.3635165076994
28.6505273991955,77.0671054953765
28.5437674442449,77.2664238929803
28.6081982871417,77.2148612211785
28.7308168937326,77.3827670370243
28.6432141740787,77.0979573717835
28.5424849428376,77.2238708127207
28.5976271963331,77.1496266568835
28.6258468041021,77.2202521430517
28.5988987435765,77.1883465573446
28.655385895948,77.0107234469161
28.6216375733825,77.3326628285894
28.5280785634485,77.1517350010813
28.5650825614475,77.0557137417104
28.5689031980479,77.129483336781
28.5574276916156,77.1572902785303
28.7099708961865,77.2314311468046
28.7068814061019,77.2589545321219
28.6985730208647,77.0950062771089
28.6214342698724,77.1385022393545
28.6736711063627,77.0329574951163
28.5816465073641,77.2879893973122
28.7414628569478,77.0504902555502
28.662507173522,77.2048754672315
28.5619064207239,77.3157492684299
28.6940079979596,77.1360454682481
28.5106962947152,77.3233869468289
28.6084202324984,77.2666937865871
28.6455829747537,77.1371190921964
28.5847341638125,77.0799423073449
28.705436941781,77.2359462551555
28.6797029476325,77.2559655160472
28.5095759966308,77.3256789515741
28.5276597900322,77.0294080552736
28.669377337182,77.3842669145195
28.7340798044267,77.2703003530291
28.672340928741,77.0127759097841
28.6363675275558,77.1056643000275
28.564965803805,77.2629800656041
28.5377782541289,77.1820946558031
28.6613917660519,77.1535708252911
28.5820568598072,77.2985252904531
28.6715709311729,77.2612805932792
28.6807495525224,77.3172205136124
28.6189913204356,77.0869844339127
28.5432674443567,77.3474539745984
28.6262814614025,77.1316784013184
28.6589344207401,77.0287871866314
28.6974341981829,77.0229872404187
28.6223071255135,77.0608298313714
28.5954912384769,77.062261908766
28.6933080199119,77.3048225936325
28.6231598318165,77.0420367376817
28.6502779823996,77.2704988773191
28.6752033055669,77.0752275762792
28.6975536506837,77.3878104478751
28.7076845675988,77.3268729520503
28.5258321801524,77.1291687412333
28.7438237265281,77.0645449453965
28.6252914160051,77.3659185519881
28.6488738965139,77.0163571491242
28.6011752950799,77.0667213334852
28.5989557913496,77.0233428547617
28.6531811900064,77.264695307487
28.6280052089239,77.0266228854002
28.5238499555632,77.1457984526487
28.6160435581758,77.0975825742997
28.7074468335315,77.3436848082987
28.6986244622683,77.0149503960086
28.6835580043547,77.2908712052994
28.6243954831609,77.1598045309194
28.5442779220054,77.1848907557201
28.6518860867214,77.3056928599636
28.7305106338673,77.2487147329904
28.6869508080103,77.0409049030541
28.5935648185845,77.3313695545622
28.6914380830979,77.1403434011343
28.6695795707428,77.3517250114692
28.7257073168675,77.0707770864763
28.6828432691956,77.2688361125474
28.6589596564598,77.357446750639
28.5228075573279,77.0736848863672
28.7176206652318,77.1405705816639
28.5091715159792,77.0456974667243
28.6728665679952,77.1809734665296
28.5869412547818,77.0902054262977
28.6408188153934,77.1603799470076
28.5851674520454,77.2456923720396
28.5282723100474,77.0492944735803
28.6951082628351,77.3933064018536
28.6374965497197,77.0394163752572
28.6310860287475,77.1289803708738
28.6515322760494,77.344263287806
28.7077543576439,77.2106501663678
28.7269178863188,77.3654347296305
28.5708740834392,77.2329669068644
28.7096460467962,77.1807188207205
28.6408482333292,77.1647235494473
28.6285556244053,77.0699616962271
28.7331509428662,77.0535815075136
28.6200410648854,77.118826625166
28.6208320258704,77.0262627534814
28.6563819432683,77.1524783729172
28.7115809754308,77.1239452517552
28.6645405915887,77.3223378830537
28.5817475883639,77.0488174884584
28.6074188163006,77.0722195179454
28.6801793852013,77.3490440464325
28.5942646020873,77.1146153179597
28.5492612565683,77.0992706793761
28.622261581599,77.1531849527794
28.6098521940078,77.2189085226445
28.6889472106099,77.140224433652
28.5888727297961,77.2473701532936
28.6096381479993,77.2234603666771
28.5938335703793,77.095557182414
28.7342320681564,77.2599753280156
28.5810382254898,77.1834308868639
28.5529817403893,77.1047662237521
28.7159520404943,77.053376251709
28.665887439232,77.3864449281385
28.7112752420354,77.0663684119153
28.6439442036462,77.3230049105015
28.6467144823997,77.0644433771907
28.6329762986005,77.212948921027
28.5346480321865,77.2442026787022
28.6250012873477,77.0976260746264
28.5457339250239,77.2685905418814
28.6311841167049,77.0121011040611
28.5556284021197,77.3548643177531
28.7242948754509,77.2532765729242
28.6337207276332,77.3695393695803
28.6172748053274,77.2609825766339
28.6439648699002,77.3555511625802
28.5686711126208,77.3582366711667
28.6685671174866,77.0215442363988
28.6566926219689,77.2019523389494
28.5975709328487,77.3513616592453
28.6598388514429,77.1726920407015
28.6065042025401,77.2073222797925
28.5747344607449,77.1355707936168
28.7133875682302,77.3947924701858
28.5800579305024,77.3063987506606
28.5885909977498,77.1554237969292
28.6039443254302,77.0760144523743
28.5309605233457,77.1296044299636
28.5483130484792,77.2875021593661
28.5764718286063,77.3435267249042
28.7377531421358,77.2258258850927
28.5198739357633,77.2257958402931
28.6613357077916,77.1692904762568
28.5635628247807,77.3743217319601
28.6263427201096,77.1788893438465
28.6530590361294,77.0388446222
28.7136705306659,77.0327074663086
28.6459268382926,77.1940787695078
28.5573491618197,77.3039014999607
28.6141996764851,77.288669570452
28.7022167547314,77.2771084900046
28.6225354646568,77.3217493898392
28.7254040342803,77.1911586182114
28.5500931104099,77.0766471771926
28.6162784437821,77.0220104646615
28.7118154887038,77.0945012134233
28.7246612211402,77.2758220202169
28.5829446467449,77.0391646052623
28.5112722152436,77.3021625636316
28.7442342606606,77.2550763598186
28.6611736825314,77.0782783268144
28.5479863836423,77.3024973849172
28.6966814227798,77.1591519524658
28.5098225956958,77.3970980626765
28.6957191853025,77.3567010868279
28.7141281551515,77.2850571050243
28.7352479419053,77.0390542161558
28.6598251346477,77.2567605282016
28.573424285046,77.1313453119837
28.7426234030464,77.3963217357183
28.7011003719422,77.1703058174887
28.5489604129817,77.370240017567
28.5737799482552,77.0818138914862
28.5795007082895,77.369818885425
28.6985558357426,77.0585878998746
28.5305144689472,77.2299283948419
28.5261467822157,77.1248696333548
28.5241947292624,77.1623165558771
28.6716020431898,77.1675678727764
28.5487608289961,77.3660310637493
28.5270394090219,77.1784023680157
28.5288065490429,77.0854726545076
28.7404510373525,77.3964562725949
28.5638885170541,77.3782520573773
28.6570965479984,77.2360023470682
28.686538982977,77.3834050336599
28.5515814122308,77.1010640626356
28.5360843274549,77.3348250477507
28.7032559587439,77.3560981889019
28.6953720641755,77.3313001685948
28.5599694071539,77.3854340241484
28.6737816756414,77.1078260977448
28.6236241360863,77.0835365629381
28.5865373833145,77.3516402731433
28.7223460214545,77.1315555303215
28.5463585755893,77.0998635637694
28.5637571156791,77.2632211711142
28.7355529368568,77.3685144483803
28.5875584237813,77.2667643512921
28.5719609539552,77.2575764177932
28.620077488647,77.1832581671832
28.546909768288,77.3692288314907
28.72185185676,77.0469315988813
28.6663035806026,77.2266042641961
28.664752248174,77.2655431422338
28.66798447793,77.3188776370828
28.7439472699855,77.2361535965794
28.5892502644698,77.3110122023846
28.6621968564236,77.3439886485407
28.6091544646259,77.2824422886384
28.5341052559365,77.290137220386
28.5269957505334,77.1065447211954
28.6519205402371,77.2095717816063
28.7383904844457,77.3674620919357
28.7364353928455,77.2329900178701
28.5654782068972,77.2351148573914
28.542667415116,77.1195479546512
28.5962272520958,77.1381544216406
28.5673009219119,77.3663638188032
28.5499360182359,77.0400874010289
28.70409648214,77.2371945100396
28.5747324626661,77.2707693347772
28.6289533254534,77.2577194598012
28.5880687077207,77.07102051468
28.6636266907517,77.3346712685307
28.7125238811536,77.3507008165201
28.7340648229536,77.3726561036906
28.7072329354284,77.2569542348753
28.5113511326368,77.1453069124195
28.7053897554714,77.236850192441
28.6196538557275,77.0691132440696
28.7354888919271,77.12872088235
28.6679375610086,77.170081782336
28.6255386309049,77.3326607784469
28.5438383743454,77.1101916131812
28.6672751584196,77.366623930593
28.7042572364809,77.3721668737833
28.6521554359368,77.3046800841044
28.6066776114849,77.1425005761253
28.7289852827303,77.3387719966594
28.5395074368658,77.2960272715521
28.5365286825091,77.1065125226847
28.5143078915064,77.2075099907093
28.6652909806077,77.0964215808335
28.6681987860413,77.2361923174249
28.7209498203635,77.2295777282855
28.6563211356973,77.3165091153368
28.6901432922199,77.285707456092
28.6408213162335,77.2447386860738
28.6672411880548,77.340070676179
28.7168459311082,77.2182112017491
28.6459352462517,77.2832282706447
28.5105414458887,77.0145423461306
28.6834124374984,77.1613960786143
28.6493382148607,77.3544309635877
28.7251116538181,77.1611230850203
28.527848762366,77.300267401239
28.5425749523373,77.3677049728085
28.5982645996577,77.2839695590745
28.515726144834,77.1480188727266
28.6910934798383,77.1674629136282
28.6272466947063,77.0684217024327
28.5964288704679,77.0582639416846
28.5100028796298,77.1319958772422
28.7456495267827,77.0365724171898
28.6472241916055,77.1767640834093
28.5573737482118,77.2029908284783
28.7357235870477,77.0191659962981
28.648975481134,77.2971133584564
28.6856894252166,77.1573049662114
28.6712960022669,77.2717794635808
28.6859789728365,77.2455432194628
28.6849168527021,77.0297564818523
28.6942924975112,77.0614752343836
28.6298949112576,77.1894740772656
28.7258454114849,77.1864488168325
28.6224056225972,77.2976029531443
28.6526975237018,77.0790506930146
28.6505083003979,77.3259677131803
28.705361731021,77.2545671443644
28.6695916525932,77.0216931841933
28.5758232336029,77.2991296915686
28.7419489466486,77.2015562687303
28.5385700252741,77.186686035482
28.61270012733,77.2483914082096
28.5465234502607,77.341261912614
28.6133415407955,77.3604974855412
28.5287201522267,77.1736167521601
28.682717622315,77.080781441278
28.7429974459611,77.2485774078681
28.7460353488962,77.1058962801464
28.6129771333627,77.3192592078672
28.6461230098957,77.3518365241657
28.5885858551333,77.2399329302935
28.615883193095,77.1687556452975
28.5161484440274,77.3620242058942
28.5449523805395,77.227944200124
28.7132600339385,77.1567379587429
28.6163524031422,77.0336711201865
28.5522811441025,77.0289575131476
28.6363869719665,77.2517599626159
28.6465171103346,77.1681443806663
28.5497319046873,77.1035918420322
28.5879548513941,77.0163005798646
28.633656228225,77.0537012898396
28.5939212640475,77.3325357962156
28.7007668568078,77.3059352770678
28.5698312972404,77.1848984417283
28.637897308357,77.0898127625235
28.5713783705561,77.2439447842267
28.6628515817905,77.2380387932683
28.6721825763953,77.0677299755922
28.5845460237114,77.1658877416932
28.6092683046609,77.2956221877429
28.741154291945,77.0570998600083
28.7111328983763,77.3158563539122
28.6081605938964,77.1806930291811
28.5855755876304,77.388059979921
28.5863686651426,77.0954380380121
28.5235304797833,77.0578762290285
28.5168580598773,77.3883560775606
28.7150801901837,77.340092367662
28.7126585458035,77.019572723576
28.5816101702705,77.048136711791
28.6509691947195,77.012271304463
28.7260812732451,77.236204209557
28.6584190212853,77.335187621563
28.6739868752323,77.2264276011908
28.7084236715407,77.2115869972006
28.676631403457,77.2225812694773
28.5306776444939,77.0468182321608
28.5969600586118,77.0970526775067
28.6504278515627,77.3190431176468
28.6662913400919,77.1802993236003
28.5515006648427,77.2972153275733
28.5094796284083,77.2993617945423
28.6020526878398,77.1774303229493
28.5553561279665,77.1247895648613
28.6517271470189,77.3017282332732
28.7041118962783,77.1050868397509
28.5678539877243,77.3513650315696
28.5630688842376,77.3706086460507
28.6121282588688,77.3785475633439
28.6438210349927,77.1891326472572
28.6029360063132,77.3442771306557
28.7166222032603,77.0594555745203
28.5565063440486,77.0956007674415
28.6146709396357,77.0876077066398
28.6747500254179,77.1260621555427
28.5372060312349,77.0166533991883
28.7255536114247,77.1732725294436
28.5668195096553,77.1558820729366
28.7033052319039,77.0860995035749
28.6766682301687,77.2932779393855
28.6335458947095,77.2583983423462
28.7419898380173,77.3618229566143
28.5676006866445,77.2739551553506
28.6181122148074,77.2506087180269
28.5941088305613,77.1669632527221
28.5989036389772,77.0290222459931
28.535479846044,77.2140663686019
28.7334647565017,77.05521474322
28.5120166472815,77.0934736338772
28.5445549054685,77.1137935598318
28.5717339487906,77.3737394654077
28.6659534015537,77.0911020521012
28.6153319706277,77.0375137575179
28.639689584071,77.339621228898
28.7044439291679,77.3794342526152
28.7364056266817,77.1437925774852
28.5156359599201,77.2194566713131
28.544803559875,77.2485271646234
28.6698835874904,77.0340969129451
28.6939843822333,77.2324063327468
28.6612106711929,77.1825763252653
28.7244452276415,77.3215096998752
28.5561782471245,77.3756823506251
28.5381000361784,77.0156706229808
28.5964126722157,77.0768690842127
28.5975191539484,77.3660971226988
28.562361034844,77.2476109808864
28.6774511542761,77.0427911566517
28.6656250024988,77.1732234836599
28.5419827430056,77.1441637007834
28.6596758708507,77.2564790772313
28.5578849427653,77.2788717220975
28.6948560731315,77.1440813768466
28.51821278029,77.1566225529207
28.5864102803629,77.0391835643037
28.5406474615153,77.1771127691535
28.6019236291123,77.1129229442964
28.5288293091179,77.0872444963366
28.5164726676567,77.3560384448059
28.6693335239132,77.0604756357598
28.534717176064,77.1994991703231
28.5256531892956,77.2096222479617
28.6492834650889,77.0530281455404
28.6128505657409,77.3817803894311
28.6664184548177,77.2455660371496
28.6569979349455,77.1439746652693
28.6890629889751,77.3707775253117
28.6101197762485,77.0726107790608
28.5346130100245,77.1029147184285
28.7183978273028,77.2974814523719
28.6314300131889,77.2045796172449
28.6799778005564,77.1872436178526
28.5294408969239,77.0253824870331
28.6888687586318,77.2595337428107
28.6846875172502,77.1028591730827
28.6012325754268,77.3650611705125
28.677029844284,77.0863954948584
28.6747764960713,77.1616576037201
28.5540365533573,77.0580485167702
28.6550815280988,77.078967575382
28.513091789827,77.3329653308989
28.6217891176921,77.1174501292179
28.628125410495,77.1393246303911
28.6698873698318,77.0989432663965
28.6024734873519,77.1391724097527
28.7286825703283,77.0266353880104
28.5700139367202,77.1016423783807
28.6474329276974,77.1192185940839
28.6576095253303,77.2888868830498
28.7192776485556,77.0758415336282
28.7329111493107,77.1361950660077
28.6579350543063,77.0711880246277
28.5706009281678,77.3709640616075
28.6638577001622,77.0514547623815
28.6039512027289,77.3073995486338
28.6713439191713,77.2312766972673
28.7289717931934,77.2592574271254
28.6228351314681,77.3576832792952
28.5563093450786,77.2152422322111
28.660868402178,77.2084176570278
28.66365861984,77.2932588516691
28.6698552364504,77.2536775754033
28.5433185647885,77.3786864659415
28.6602366077209,77.2043126336299
28.7290548988851,77.2393765477674
28.6214347536916,77.237877934238
28.6829544042635,77.0284492578153
28.7451639196654,77.1775698608944
28.6686020470638,77.3685308232678
28.5379438916551,77.0484861710977
28.6749423568293,77.177796933512
28.7176047001822,77.0948143800756
28.7196513501502,77.275567170038
28.6811274942232,77.2459518362785
28.7201719493005,77.3925351178848
28.6711845921909,77.1915378703679
28.6456594960921,77.3839648220839
28.7091829889704,77.3003476511139
28.6818039488089,77.0490346186742
28.7295417901366,77.2209958993755
28.6501553166963,77.2500230196369
28.5990583795725,77.0958493508479
28.5533657734983,77.0150824199079
28.657499486339,77.3533481982022
28.5095037734715,77.3095531929806
28.5511446197479,77.3569950418002
28.7425487191555,77.2665027282492
28.6672200399845,77.0183752091027
28.6264302096651,77.1072301512419
28.6717364932066,77.0944232767159
28.6915543445891,77.075076649762
28.5842741915772,77.1425114606373
28.7421856653618,77.2274586512672
28.7127060824747,77.2721148385483
28.5112689595656,77.3981561269723
28.7241173268508,77.1018573685128
28.5358561120778,77.2275841890086
28.577679323343,77.2696977484502
28.6088140482692,77.3020333036615
28.7440687231512,77.2344281674331
28.6412987798268,77.3798338611996
28.7262828461337,77.2822507553416
28.614933850014,77.3839438077979
28.7204036272936,77.3030983793258
28.5240142567779,77.3248912565332
28.5833027113885,77.153077061572
28.5458990001471,77.1908785866481
28.5152948560979,77.2033163062016
28.6773109177876,77.2392050629442
28.7382680728727,77.255465973846
28.7164312206885,77.3082881872108
28.6552360872104,77.3478828907496
28.7087431343819,77.1153556798618
28.6547669195202,77.025044293659
28.5784860808347,77.2933323794073
28.6517624151001,77.377010714324
28.7248599985632,77.3441293024983
28.6206490996101,77.2002481913587
28.6542425535842,77.1477096220275
28.5209922065852,77.3310935195835
28.7397436347378,77.3121255461195
28.6417681187684,77.2098368215381
28.665991804224,77.3575120388761
28.6298917288051,77.0433575377863
28.5119258379448,77.1169836069695
28.7447907942683,77.0887482272304
28.7175857878145,77.1603922274317
28.5353550553683,77.0557128181982
28.5761244663711,77.0715171519696
28.7385839995841,77.3592594514887
28.6380472133333,77.037654775419
28.7082194585843,77.2280518567551
28.5738901589846,77.1928241088589
28.6721047314516,77.0627241496761
28.6660529965728,77.1885414760846
28.5995670980393,77.1717219472578
28.6890977008577,77.1726291864908
28.6301729072448,77.3228399698147
28.5445345209497,77.3999865607615
28.6350062262408,77.3518495872498
28.5555274709277,77.2978037157358
28.6893880307087,77.0561867305508
28.6592895288883,77.1910008688205
28.6456593615648,77.2855718071932
28.5644569587548,77.0469116324475
28.6288360447125,77.2881734012644
28.58729810572,77.2160517765557
28.7441729189731,77.0857642560137
28.7329484049698,77.3851807884169
28.5846104338192,77.2741130906573
28.7297166189041,77.0650623873747
28.5474825809395,77.0582595692824
28.5858884372129,77.1450686042263
28.7267021486066,77.037068551388
28.6420366256979,77.3173852152492
28.5458846027789,77.3992916321499
28.6370484550322,77.1667016293174
28.5640090806856,77.2970594861242
28.6101061274881,77.1784312986644
28.5410836903243,77.0807167547692
28.6786686596162,77.228498969208
28.6652393335493,77.0256872197266
28.5183051173728,77.27633178955
28.5901634976126,77.0773222260343
28.6173749284964,77.2631808060436
28.6633561748961,77.0696089123693
28.6747433623015,77.2023569111696
28.7289909724258,77.2787436339137
28.5198017217054,77.3556703550978
28.6000440320501,77.0816653186667
28.5702073703685,77.3995709124756
28.6565170036376,77.019401683142
28.6299109564075,77.0726622728819
28.6583251986339,77.328053968035
28.6400072340251,77.1311979881704
28.5121501470693,77.1643403653127
28.7094352409311,77.0322960185488
28.6736090902539,77.337910304887
28.6416254002596,77.2497071092073
28.5490107405989,77.3183327775752
28.5257990907426,77.326644484152
28.6244757413451,77.0584350595883
28.7181026736835,77.3416537385156
28.7099092719643,77.0787798204673
28.5253709819453,77.1749994041478
28.5749651735608,77.1013410177463
28.6462325286765,77.0196458750807
28.6453205677745,77.2862309761835
28.6690488375138,77.1880620788115
28.6853662130141,77.2697616742066
28.632910386152,77.3440785169382
28.5183190912817,77.2720543982736
28.6129764072289,77.0834393967936
28.6226616829577,77.3917095897645
28.6717608822006,77.2880236650266
28.7292868299596,77.2221362115594
28.7372465206485,77.1054073863822
28.7083391536669,77.3295270374234
28.6519008006645,77.3039604562934
28.5109460294977,77.2060221414186
28.5885962206559,77.2527008534864
28.5660538502683,77.1018398378878
28.5868485876222,77.0372069324193
28.5733809970181,77.1890411433496
28.5497973352343,77.3076095128853
28.519472572697,77.0890532573512
28.6862935658462,77.3069246327207
28.6486787360958,77.200401018873
28.521032040077,77.3198731513413
28.7143898018689,77.0862440858607
28.6969406142234,77.1333377506764
28.6283185297708,77.3924487505138
28.5315848849541,77.2664170426554
28.7178798477005,77.0950341404905
28.6407561728294,77.38753069063
28.6148756704418,77.1959814571906
28.5477615736405,77.0477917619359
28.6153795209972,77.3409138719515
28.6215641884316,77.3867249283413
28.5942266318067,77.1566039016947
28.6978638235608,77.0555825150412
28.5861171028124,77.1425834973369
28.556877752861,77.0662891261771
28.5776057478396,77.0181399932636
28.5324978073634,77.2970921808795
28.5909202421007,77.3079874670497
28.7195024852819,77.390784993311
28.5428337198162,77.3266392891471
28.7223968647086,77.3241502401104
28.7424887314866,77.0542029258737
28.6488589895602,77.0126208761335
28.581896912249,77.1771404649927
28.7340990279883,77.2126482461192
28.6406665804329,77.044972005641
28.6040866731868,77.2051260863992
28.520193235701,77.1133212864791
28.7425020194232,77.3246784297672
28.5803848617636,77.0507052275118
28.518418627473,77.2282799789592
28.712594044713,77.2232791499367
28.6112510460632,77.2916870137201
28.5658982439096,77.2187618729856
28.7335785334564,77.2626000122879
28.719194137616,77.2671030471167
28.6979045740108,77.2304804017833
28.6463385672001,77.3192690896418
28.5964580091743,77.1357630466022
28.5284436520155,77.3447232986265
28.7428156052317,77.3484234097322
28.5250528963314,77.386229772117
28.5609993590184,77.1090679756928
28.6131785953522,77.3391208826619
28.5929110158855,77.2671105482148
28.6527648109936,77.3928602843514
28.5710195834506,77.3233346647061
28.5396523609348,77.2991641553112
28.5409380159649,77.3169390972527
28.5436949444052,77.3828989050969
28.7419371585016,77.1281959109045
28.5134308915077,77.1907570939362
28.6938007990014,77.3993637062959
28.6124227678413,77.0543166398315
28.6197242550281,77.3459545236579
28.7258566650679,77.266230438698
28.7275717855242,77.0335022630709
28.6767542281622,77.049031045618
28.5852949240165,77.03266294244
28.598320652623,77.2469100978524
28.6573869511094,77.318643719352
28.5644663550275,77.0893722491351
28.6197265593955,77.1536667930792
28.6773212754735,77.1186360780919
28.5695516768533,77.2285711925356
28.6726251964983,77.3632781603063
28.5427812726989,77.085082489738
28.5405603708827,77.2495665142836
28.6956196986369,77.3642061513782
28.6221856354945,77.0368832141067
28.6685581679237,77.1962679239759
28.6242395854433,77.0754360097947
28.5182744218229,77.3098148681754
28.7308266840638,77.1528957081215
28.5575804953589,77.1070397875297
28.6066906707922,77.2352193332578
28.7322867632111,77.3218820100419
28.6619208122019,77.3799743273934
28.5139729341135,77.347010682793
28.7129844683507,77.0621585063548
28.7039376816633,77.1897328045328
28.5372341665178,77.2533331580231
28.6097835008159,77.2656938676693
28.6050569595388,77.2930949288809
28.6431959124645,77.2942741173443
28.602627540683,77.2597465456647
28.5472878045034,77.3257215045324
28.5899177889263,77.2666645867823
28.6939764970674,77.108668958611
28.6033398120127,77.2051374575776
28.7042354658978,77.3389677286371
28.5329584928054,77.1536953729434
28.5403781140668,77.3954990366984
28.6505349569124,77.3102895549121
28.7421463089826,77.2821951979813
28.5547316296002,77.031048265177
28.5999532934844,77.2675155407536
28.5500875738839,77.2944031197655
28.5750179133163,77.1308224930453
28.6836245383316,77.3466030902668
28.5792847284881,77.2966298551429
28.7131934708481,77.2754929279728
28.6036693667735,77.0298084241146
28.5234313920228,77.2196158553218
28.7237723339185,77.1770588041645
28.6047108765099,77.0517121562246
28.6635352880476,77.3402969890988
28.7062576908304,77.3035039489795
28.5494585536222,77.3235179476364
28.5260669877958,77.2108260496628
28.5657891683674,77.0505125166064
28.5460152153629,77.2375864501167
28.5661160338804,77.2371824667668
28.6696627111897,77.4026665843127
28.6326868773856,77.1240684899749
28.6223671116445,77.1004245784324
28.5611964312793,77.2922477532815
28.5427502265126,77.2890584942673
28.7159349868384,77.306503547541
28.6376654990296,77.084130087549
28.5826510676907,77.2293948493511
28.7376288868105,77.1726416029692
28.6980040470614,77.3725203745595
28.5713659775346,77.0932543116978
28.545121176178,77.2237333958936
28.6508817090095,77.2709932446034
28.5943172805746,77.1156375189105
28.6655822942177,77.3860852785329
28.5590692897184,77.3004946727332
28.690839912153,77.0935339774895
28.6079667081699,77.1585985152538
28.6171927050787,77.1102760997951
28.584054957828,77.229515111017
28.7033478268434,77.015641619477
28.7192194352407,77.3074731508128
28.6863411716813,77.2182891664778
28.5663147148059,77.3411817768587
28.6801449740422,77.0448035553239
28.7265151472572,77.3964553075873
28.6527502335556,77.3745167077157
28.7278970640073,77.0337718097907
28.655786990543,77.2724408405577
28.6892988995121,77.0479336096918
28.7008076398028,77.3991116633257
28.6153203036561,77.3634207120126
28.5880989420982,77.1826341740339
28.6538269605499,77.1339113879694
28.5497081164372,77.0295933421007
28.7245051858298,77.3094431680873
28.5601493207179,77.1611550318943
28.6998129177053,77.1062863384231
28.5586211948087,77.2010174881435
28.7418635207052,77.3610902456782
28.5737984806573,77.0216429697385
28.6019890808615,77.2951194203778
28.652947767368,77.0219932532442
28.534210293708,77.3183349349287
28.6677098723738,77.1473359305039
28.6705964303298,77.0430879188671
28.5535100332639,77.1462319848356
28.5747881890172,77.1609391452761
28.6505285903573,77.0365036879305
28.7392000500187,77.3485232576361
28.5931946660067,77.0233720114254
28.5650726879809,77.2686111065345
28.7372010651049,77.0214245462556
28.5762499404808,77.2284480011227
28.5598490555332,77.2994011356887
28.714357981942,77.0976881808751
28.6781400954325,77.1552484593181
28.5828371116027,77.0511108134057
28.6824485253898,77.3621607524486
28.5314306574657,77.294593120808
28.5748913308029,77.2502350312573
28.671729648869,77.2401448613221
28.6327889791471,77.15319288609
28.6560144438915,77.2852530963493
28.534432469593,77.2742715841634
28.5392253811703,77.203432929182
28.5928910264401,77.1448542970005
28.6477976315916,77.373555749515
28.6577600327499,77.0911472678608
28.7357143770056,77.3949828690363
28.6762916852253,77.1776077122856
28.5333702721391,77.1858493693135
28.6645120084302,77.1666965987324
28.56305324139,77.1460249288368
28.6363933807701,77.3808343241109
28.5236316103753,77.086586837858
28.5930600389848,77.1521201783381
28.691559692662,77.084090376548
28.6095280162817,77.1235455951127
28.5431456690005,77.111728400636
28.700313946742,77.2746350240965
28.6615554552828,77.1118960283871
28.6838514059581,77.2028363534496
28.5483405937954,77.3860200512614
28.6165876262453,77.0856322415669
28.5256591740216,77.0870730000428
28.7056659295565,77.3454765943717
28.7058369405319,77.3134800651448
28.5927745356653,77.3190759549622
28.6890460012952,77.0728610272685
28.6556341119708,77.2651572223274
28.637446043881,77.1418126190851
28.5750572902954,77.3264282539583
28.7154822374182,77.1611029530361
28.5973411846734,77.0571435960874
28.664249113967,77.1556476222106
28.6612554651239,77.3285644786888
28.7036670333838,77.0886524003654
28.6445141247121,77.032171713236
28.5786056668081,77.1430705947396
28.5998472388549,77.3666930768911
28.7133819888139,77.3776882911158
28.6890703058388,77.0600319966104
28.5626431515327,77.0545437454689
28.6278237695193,77.3259043527828
28.649745817135,77.3606812097682
28.7121646679261,77.2997292939362
28.6645734508222,77.1727427238053
28.6741137365194,77.3245648492574
28.668292853013,77.3458040676419
28.531489864258,77.2540681356801
28.5908992610458,77.0293504983381
28.7054012949378,77.0762901689825
28.5310525859624,77.0562577886988
28.5932708942416,77.0296991641865
28.5287641618318,77.2072986087483
28.5432575472218,77.1536926419585
28.5273394246694,77.167274506735
28.6296004717769,77.0184211341091
28.6827085000146,77.3276103631036
28.5251729951675,77.0856525218245
28.6154777858594,77.2864622448705
28.6258096379961,77.2880308571948
28.6878305099777,77.1956986931655
28.5965617854895,77.2429867968964
28.6138335070799,77.0140864294062
28.5430904638711,77.2520764769922
28.5530956692995,77.1262449597096
28.593908602951,77.3107883921755
28.7434923809745,77.3322661384549
28.7326646174737,77.2405350019535
28.7193625282633,77.3651877950613
28.6280047181684,77.2230781415433
28.6818331530485,77.1580882058585
28.7445485647111,77.2572493716656
28.526701676799,77.0673587041132
28.5167914529602,77.2417700796989
28.7084754799744,77.0501109394042
28.627689416121,77.2672626447408
28.5598454988736,77.205807721542
28.7308555361566,77.2231451276592
28.5930133710862,77.3975870836178
28.6893060083405,77.166862542053
28.6876820070701,77.2655208604115
28.6656127139438,77.0595775655454
28.6478124340898,77.2335734729658
28.6530707338613,77.1988122003699
28.6308753633443,77.3261459150573
28.6091591102086,77.2139572212277
28.5383313799372,77.094492813826
28.6344947625591,77.2263819144889
28.6725378372169,77.2879711122041
28.6933111953928,77.1258774346777
28.7106578207797,77.1911642861758
28.5655520599979,77.1661093282508
28.6449594495504,77.0957817804341
28.5577979136899,77.3000689649305
28.7416252323334,77.1829318678004
28.5398377353909,77.218869829824
28.5271024903209,77.2041829369403
28.537930835433,77.060112298124
28.5500555467437,77.0924269264118
28.713589434913,77.355491097335
28.6266660111649,77.3856795092787
28.6271984457346,77.1866243945621
28.6376608952691,77.2647435716516
28.5359705899066,77.1981138527292
28.5692605981083,77.1675437940112
28.519464566948,77.3250773964521
28.5379039862345,77.1916230714482
28.5904387328803,77.2379045245942
28.7322458564236,77.2263707321095
28.6025181017527,77.0975435807387
28.6951718817867,77.2362517649727
28.7367862732408,77.0295563405814
28.6790452733937,77.2964216083744
28.6173792501795,77.1351595995622
28.6537463180418,77.3522100687956
28.5983962123405,77.1741022975203
28.5827401118305,77.205594702965
28.5577430639332,77.3988972649984
28.5125093854576,77.0692109441998
28.5359055496432,77.2344813813251
28.5224404157031,77.2353112518361
28.6328802694586,77.1635019814618
28.5581848189846,77.0549793585623
28.6864595970755,77.0763907219705
28.6213824067302,77.1932770723472
28.6148591738976,77.2141411044967
28.5714451252055,77.1272335221556
28.7000465383802,77.1850122725882
28.697506307173,77.2888225811083
28.5841136981978,77.2183913557234
28.5850450970548,77.2455844151609
28.6660313804206,77.3098904785392
28.644263653918,77.1166874115935
28.6611516885667,77.1374902725661
28.6732817655028,77.1604340411683
28.6287703640574,77.234466751133
28.6122969972955,77.3863708312326
28.6300442431226,77.0995376339014
28.5172322265169,77.3967085991606
28.7264972298217,77.2953847311129
28.5336911371186,77.2877234008423
28.6500715962607,77.3518744112821
28.5205375789308,77.2940306421219
28.6777574379227,77.0831651668039
28.5262919182015,77.2979236049589
28.6213770130322,77.3616112681063
28.5544598050314,77.1590241163361
28.6814256737136,77.030791207865
28.5806430761259,77.0455615051418
28.6476334817522,77.0405646443498
28.5826213498853,77.2285535668684
28.6375809779916,77.1642468982986
28.6882750173105,77.2166062672484
28.5841595035493,77.1265791467705
28.5767762378407,77.0916695168264
28.5683753810606,77.0443352020563
28.5481037868336,77.0553129913121
28.7426205386651,77.113413472385
28.5835248468109,77.1157431645646
28.6797121579713,77.0475974216425
28.515399320519,77.0846682125062
28.5362534683884,77.11418171407
28.5854126936066,77.0196321495872
28.7137772324567,77.2472709043232
28.5547795737832,77.1224272371385
28.5287247102329,77.0414687841567
28.6903006244132,77.1591392640657
28.6114956348111,77.3789216885858
28.518581431584,77.3520747463197
28.7445132657922,77.3317708530175
28.5122774493129,77.2973934673328
28.6050908667025,77.2871998971674
28.6004312468249,77.1303941870393
28.5845350568627,77.1239689294453
28.713840911459,77.0391476234299
28.692813346336,77.2168420657159
28.5415325896437,77.1235235686211
28.6101591042031,77.3403153720276
28.6405877765725,77.2215311011383
28.7048679217263,77.238835150487
28.7392629923567,77.2574122200259
28.6496429248819,77.1741002742772
28.6511515080486,77.276829529197
28.7249892030551,77.113335877928
28.6393886590045,77.1720544906848
28.7023887640526,77.0787892706912
28.5989949688592,77.2622469992316
28.6875447862583,77.1766804079211
28.7220123174997,77.3805301765057
28.5236752995127,77.0596686414347
28.7026761444498,77.1022921594763
28.6015177646737,77.2394907111599
28.628998330817,77.2139904515341
28.5907060314898,77.0225055059291
28.5636137669474,77.3492685068293
28.7283748722289,77.2509349504721
28.6996358755792,77.3296514433371
28.6746595688391,77.1261758794882
28.6466223725151,77.3047011601429
28.6435096217324,77.381729244249
28.6672143759198,77.1164003483697
28.5789444024513,77.1244215226542
28.7237933538487,77.0897378416406
28.5461947082386,77.0762060832129
28.6563892780223,77.2830389123866
28.6583229412961,77.0462779681994
28.5108848816165,77.0381348333409
28.6643201693463,77.225646071925
28.56878653189,77.073781187873
28.5148572265132,77.02317478446
28.6278980214351,77.0586077499928
28.6257286883626,77.132964498554
28.6727799821352,77.3802256628295
28.7132612017111,77.1235013317816
28.550384995748,77.226200266911
28.5538104933616,77.0555748788413
28.5907655787377,77.171093265275
28.5903199025054,77.3207071933726
28.7296244678057,77.2952369527726
28.5427502902364,77.1934112399927
28.6657289001879,77.0257852859666
28.7304023117563,77.350728444957
28.7299269073915,77.2022210703723
28.6428028194807,77.0661281360947
28.6251613568147,77.2156766565376
28.5189083236159,77.3589035182611
28.6814196697604,77.2879639650985
28.7291515392505,77.1542026309492
28.6017345288062,77.2207426285807
28.5219703345208,77.1157733812759
28.5203391754413,77.2142399748611
28.6923853827976,77.1730629372838
28.7269685381958,77.141754219694
28.5823139148018,77.0364346396841
28.6659265256972,77.3522005666928
28.5673908121324,77.0522154633927
28.5511119231438,77.3968767486428
28.5439484276706,77.3048769082698
28.7076127813178,77.3295919617462
28.5164542803439,77.094211339187
28.6178166542865,77.3064856142541
28.6175342326792,77.0899851814942
28.6616933944071,77.1167824108512
28.61193541802,77.0524984851385
28.7434410029744,77.1869230730142
28.7161778064772,77.2210695004745
28.5914421181297,77.1951757899619
28.5637237452467,77.1310585408522
28.7444635104288,77.1484965524548
28.6334978585465,77.2960274243726
28.6401480850209,77.0268093338815
28.7441518644413,77.3786118781367
28.6418935984547,77.3427965583919
28.7302835160382,77.2250846614821
28.5188431101267,77.314537231065
28.6357835913273,77.3482960711774
28.7103571482519,77.2681562829234
28.586532460872,77.345029903284
28.7355646065742,77.3287606523481
28.6299165714078,77.3395146495808
28.687453273894,77.0576295301285
28.6156122752353,77.072959952555
28.6073076137457,77.3272883491619
28.6471173880884,77.0384336118463
28.6473326999665,77.3345687594235
28.6158599110658,77.0459606884995
28.5466852013484,77.2806176626558
28.7389864698433,77.021964290286
28.5466069704967,77.2172724391014
28.6642429290742,77.3396928438066
28.6947383644669,77.0603570190843
28.7185419068478,77.3671496551209
28.5295574601542,77.1796317095335
28.7464173726446,77.3792134282417
28.6423630376557,77.2888598827578
28.6252149271208,77.0709759961157
28.6365763712001,77.2202809168861
28.5427309599679,77.1827696486516
28.7299377328801,77.058651911361
28.5569738824928,77.1575216785858
28.5138383968739,77.2292733512445
28.7082370125574,77.032366399645
28.6797564727116,77.2100121128807
28.7106333074342,77.1918683198592
28.5593764910663,77.2225009282096
28.7301866940279,77.1790033026993
28.5686346041867,77.1026721277993
28.5274088126285,77.1817328708946
28.6881106438216,77.0795507595367
28.514210854118,77.3358637973784
28.6038816064938,77.2601499468223
28.6154699937606,77.2452385879246
28.664324928508,77.1061635422488
28.6077351789163,77.2527797141395
28.648971173719,77.0911366977053
28.5688182923165,77.1274611569844
28.7319286600095,77.324549127291
28.5753063057447,77.0526982556606
28.5589853988876,77.0452985448195
28.6737616558896,77.1082411331069
28.675395093183,77.1576742852003
28.7204930443675,77.1849405786128
28.6860786412886,77.1978006749131
28.7159139560406,77.3433312705368
28.5464414592024,77.1548043437092
28.5983517291705,77.2128045539762
28.6757175366471,77.1298966410451
28.5489135727441,77.2065875334834
28.7263131541111,77.2741698917823
28.737868386826,77.0619213455793
28.6817720172573,77.1025976433135
28.6024020550074,77.3397366335494
28.5462946116637,77.3801035845322
28.6425459415848,77.234045991944
28.5482622990602,77.3517987587077
28.7102363610874,77.065540632826
28.6394373046095,77.1879941683145
28.6745669263949,77.145639191363
28.6490044544481,77.1927756845222
28.5696582719996,77.0166396890103
28.7383905014264,77.0743899171032
28.7217839592162,77.1770783355546
28.6623724767407,77.2824428556863
28.6314056975138,77.2904236092373
28.6427111866045,77.4006471827052
28.6493168069581,77.2338033248034
28.5530443344565,77.0987543251173
28.6181979487771,77.1727260508635
28.6677520013357,77.062614705516
28.575508895089,77.1789931847917
28.6406295816513,77.2137563948497
28.5873508321017,77.0633749817176
28.6884528206055,77.3110620076174
28.5329249116919,77.0626264442759
28.7247075530189,77.2471059068446
28.6039486308205,77.1774584964881
28.5511737027577,77.2183784134308
28.5797598127461,77.0410867190316
28.5861050781619,77.2461787140153
28.6959535082109,77.1682107164735
28.5114953806002,77.3802077439948
28.5907804694976,77.2416987585473
28.5900227907644,77.1738540214814
28.7356607107677,77.2185329231835
28.5168328883416,77.1927288978694
28.738417095858,77.1194104785543
28.6638364307262,77.3176968863593
28.7064869121067,77.1763342141155
28.5253451617758,77.0591426844455
28.744886257943,77.0558769275581
28.5220250671975,77.3048430413085
28.5557490709115,77.3605891408775
28.7109059328045,77.1933709887324
28.6329301738595,77.0153240435585
28.5468993769488,77.2411455243206
28.621558001548,77.0755461297325
28.5703738552121,77.3802156120155
28.6707595983166,77.1266229244364
28.5452414992163,77.0525521764532
28.6024414470619,77.2780524939647
28.5619664076461,77.1225846968174
28.5266158494933,77.1643294412267
28.6864727266162,77.384439939372
28.5219783497598,77.1237932163181
28.5781380180466,77.1383097121655
28.6544330407446,77.1702974931019
28.7434850696441,77.3501771552582
28.5974082711355,77.0103890629685
28.618735618908,77.2455080556948
28.7172084509394,77.1564153277808
28.52351112977,77.3344143138358
28.6545665237371,77.308480997397
28.7456052666412,77.0479666866744
28.5293615286698,77.1432361438523
28.5588034268864,77.1536600764795
28.5998813923795,77.322775447303
28.6126029850778,77.0622558380782
28.6703042728278,77.0862775145248
28.7307548711305,77.3130535092877
28.7356871907704,77.1016880369455
28.5626200457841,77.1650594276875
28.5804319169656,77.0365793115261
28.602357528063,77.3402603964935
28.6301195917454,77.0491723499774
28.7446932469349,77.1388009975625
28.5298651950823,77.214625089695
28.6008062181909,77.3071215812231
28.662478916992,77.1115133590358
28.5545345629039,77.0938970653231
28.6856940451176,77.1895868049152
28.5305328942422,77.2301796891135
28.6218911013092,77.1218047311603
28.6376660914334,77.2506209985713
28.7263383467442,77.1430684038768
28.5641230030764,77.3033073927643
28.6669975930705,77.2926072386597
28.5628455246878,77.1170510831349
28.6385830853921,77.3382498334538
28.5610002166566,77.1317908401191
28.5560723250513,77.1842117539397
28.7383581491763,77.3104889430253
28.5615638165295,77.3648244435244
28.5768148577519,77.3291173618616
28.653431369535,77.070453433974
28.6128140155989,77.3206197527076
28.7233386371231,77.1417039658074
28.62396973088,77.3927120674029
28.5961172177835,77.0989016351074
28.5542236535983,77.2785951287432
28.5271361114492,77.3881277434066
28.6950872561172,77.2919224243479
28.7373467150514,77.3265907922792
28.637853619314,77.1948125423386
28.7100850971656,77.238315549272
28.5316098406137,77.2390866917007
28.7429571682827,77.0219620928211
28.6542938377533,77.0730276672441
28.6349337421119,77.1329253376582
28.6990443787603,77.2944609867407
28.5309285218979,77.1310055060629
28.7300944525383,77.0535530981292
28.6646818298942,77.3305521143924
28.7103937547729,77.3460258045346
28.5423382664932,77.0581858907461
28.5614653146195,77.1193928062066
28.7113077088451,77.0329572737196
28.5145874027121,77.1828117847081
28.6434453784075,77.381559638499
28.645841188149,77.3990122600876
28.5569131145223,77.0339504122507
28.6514277441456,77.0596548548278
28.5874434966616,77.2913875626312
28.5421270668838,77.3780915733016
28.6858858336961,77.1945243435313
28.6435814154594,77.3857096992305
28.5204794859285,77.0413395646628
28.5622863203433,77.2196332247888
28.614281813101,77.2322609790358
28.6988559035457,77.2928485670942
28.5438492202791,77.3324708920436
28.5882370438728,77.3849354596549
28.6976265794624,77.3308135725576
28.5281408189528,77.011843300157
28.535581638196,77.1741722002323
28.6970556402185,77.1995532793198
28.5759135687644,77.2394970499016
28.5560176311805,77.0449559319473
28.54472802831,77.0257804510914
28.5829067525133,77.3489097164686
28.6171009809064,77.2929901185643
28.5250105665073,77.0787975162502
28.5846179199509,77.1190342967553
28.6000163167785,77.108617893649
28.6457786859812,77.1856094298012
28.6354010884851,77.0232936362255
28.7029504967702,77.1112768053348
28.5145628660826,77.3172028731223
28.5256493083002,77.1531755410925
28.6603723170076,77.1892931301869
28.5447513544465,77.0955021295274
28.6962018046916,77.3770675271174
28.6761631341944,77.1933447938549
28.5616765907569,77.2977549388198
28.6335627244475,77.0993890423184
28.5446476524611,77.3054859261865
28.7205471974275,77.0844957600345
28.7013720054505,77.0638718439033
28.6564391350012,77.401920466612
28.5167411009017,77.073599420015
28.553685565605,77.3109224938363
28.6195511428525,77.3515066428209
28.5098385433522,77.1956592180505
28.5111955186776,77.27924688045
28.7066735009847,77.3046173454575
28.5645348226472,77.0408038898573
28.6416944430712,77.0106849259358
28.7286249979135,77.3604202349893
28.6613929171947,77.3806582513051
28.6999327328658,77.3063843646136
28.6819570974157,77.2841675904697
28.7237799645284,77.236480565957
28.6710386602516,77.1484438525885
28.5627450415891,77.0125807924467
28.5351976155826,77.2826755362572
28.7370078544831,77.0891630681869
28.713682562935,77.3757466489314
28.652607090467,77.289971944118
28.7346584789333,77.32975575772
28.5803461468332,77.2145477015074
28.7316158164532,77.0683920386668
28.7452841011433,77.2694050605568
28.6632022940181,77.2695405773049
28.6096408136556,77.0503842187007
28.6304513665817,77.331400821018
28.6935425357627,77.0838993684645
28.5733103378236,77.3369396530229
28.5157881261373,77.2339008159401
28.6774568640979,77.1439432570014
28.6416365381872,77.1285198428513
28.6909725010903,77.1053114386051
28.5227257484045,77.2882945196633
28.5944985439415,77.2871372274875
28.5873854644201,77.2358862338376
28.7326618358931,77.2648156673873
28.5824232823415,77.2998715016761
28.6022274119901,77.2908932524387
28.605169196966,77.2052356893657
28.7206120227804,77.0135328423882
28.6650785110777,77.0795771862062
28.7285517076877,77.1524961716121
28.594767594628,77.3572435252805
28.6490492938361,77.3200554452468
28.5359972034912,77.2603292157289
28.620427509923,77.1560563438727
28.568879988877,77.1506928112132
28.6898584247284,77.0230332612948
28.6510503298918,77.3911509478495
28.7041726661383,77.2271223056502
28.5797541889222,77.2505291318889
28.6941639578374,77.303801611312
28.6741154208222,77.2063304099936
28.686894246226,77.2227644212364
28.6739961897582,77.3856600837857
28.6016623201929,77.0891718670252
28.642570379416,77.3306129503169
28.5741263756276,77.1065857740754
28.5926157792656,77.340948669899
28.5231232968409,77.3068908861484
28.6754385788397,77.235746647955
28.6326917887453,77.2019079434871
28.6878340792163,77.1525395024319
28.55622816507,77.399132879423
28.5292492864811,77.3021542035803
28.5148025154055,77.1233482399603
28.5828918217318,77.1219518642199
28.7288596015015,77.3992121147191
28.7437007061671,77.1658593711472
28.5186348285903,77.31870841789
28.6800167562017,77.2664818518858
28.6529031394734,77.3746530261899
28.6038231534165,77.3473398674294
28.6213349615191,77.0510599901402
28.7050908595168,77.378489994104
28.6323479026093,77.401007366113
28.6354831867049,77.035723349467
28.6987165584571,77.0715579859762
28.699118361864,77.0684335434841
28.5619434917483,77.3124153555863
28.5137881285727,77.0617590776086
28.6552957515109,77.2829846672245
28.5465311749004,77.3627621787339
28.7144751312645,77.3628499989834
28.5765244105338,77.3930890899145
28.5141689042267,77.3583924124386
28.6415561661365,77.3595837815614
28.6595022919574,77.3911569600106
28.5591558855464,77.0811060028497
28.6947711234423,77.3165508146125
28.7445946795346,77.3011618793776
28.5550450327956,77.0991591379796
28.7197223857436,77.2542758552002
28.6055366938188,77.0662650541815
28.5843703264218,77.3943511853411
28.5533258828514,77.2945457440332
28.6102564021496,77.0960404024729
28.5124469875271,77.0117966761912
28.7049613762427,77.331775905786
28.5909301543682,77.0867441874653
28.5585505980514,77.1894552051942
28.628170271456,77.2361319722708
28.5516359663268,77.201235857273
28.5882945701209,77.0289472841911
28.5545984187225,77.3561093441924
28.727178058776,77.3036953183294
28.5780225300409,77.0399415160465
28.6478297449708,77.0541096935847
28.6455866382625,77.3921270237508
28.5621459675321,77.186667194768
28.7125261231561,77.3083746086479
28.636044084051,77.2841475400341
28.7161792419153,77.291375136693
28.5158953947164,77.3823956759392
28.5926110355557,77.2960641529861
28.6257184412421,77.3751428670086
28.5481729033328,77.3172654035572
28.6345475710907,77.3338511167059
28.6667338519089,77.1944546501191
28.7324397261344,77.0308843400042
28.5529071532013,77.3982175826739
28.6798815683418,77.2282503240436
28.5262530154969,77.3046856556729
28.6411234215462,77.218034218247
28.5540455033844,77.2863311563684
28.5838378073008,77.2726730071074
28.6616862454076,77.2871978351817
28.5628788130924,77.1458623547458
28.7146443868675,77.2347483933174
28.5210799343792,77.3344593419091
28.5155454316852,77.2757024792093
28.6930316931546,77.3953068152204
28.6600072136029,77.0330225897434
28.6758290769808,77.1808333000932
28.5492949197429,77.385386793358
28.5962497069869,77.350288140474
28.7461559358191,77.308189435895
28.5456535268172,77.3159333616507
28.6060396380816,77.0291539040022
28.5236220661872,77.4029392657855
28.5864896332365,77.3343397100286
28.7186789175783,77.2424143353811
28.7314852587374,77.0730191487082
28.6066351565796,77.3016668225795
28.6192979797571,77.1098287520707
28.7003175160123,77.3243720246712
28.6051881699421,77.2855952345184
28.535830976093,77.3622125182538
28.653244160538,77.4026399778824
28.7351311263565,77.3552264973652
28.6229945274241,77.3626076244759
28.5994651527936,77.1838892779641
28.6611013390155,77.3814870360707
28.552442570177,77.2664282260172
28.5506272899154,77.1725834095239
28.6515995957839,77.3524729386909
28.6796340023653,77.1066585039878
28.6365926986599,77.0957958675257
28.6557644414908,77.3588625911275
28.5490466760219,77.2509511492583
28.6458338570896,77.3221564990126
28.6378074892268,77.0386901738353
28.5315259815689,77.0235441439254
28.5997119228919,77.3660403215353
28.6140763882944,77.1877375346807
28.5578257034159,77.2767125596477
28.6131045202475,77.124022957604
28.6497029675143,77.0241110754191
28.545128993248,77.3412074602877
28.6884454916462,77.0226755845689
28.6272026947692,77.0717978173449
28.6560301834613,77.3144881777977
28.6156430529567,77.0538741234279
28.6526913979283,77.1711573520327
28.5417385960735,77.3796269101225
28.5967981354501,77.1087539576143
28.6050115681872,77.199772874602
28.6542277205929,77.0504764587808
28.5607539826044,77.3680400400179
